{
    "start": "2005-01-01",
    "bench": "069500.KS",
    "reb": "Yearly",
    "cur": "KRW",
    "a": {
        "SPY": 0.16666666666666666,
        "EWY": 0.16666666666666666,
        "LQD": 0.16666666666666666,
        "GLD": 0.16666666666666666,
        "BIL": 0.16666666666666666,
        "153130.KS": 0.16666666666666666
    },
    "b": {
        "SPY": 0.2,
        "EWY": 0.06,
        "ASHR": 0.07,
        "INDA": 0.07,
        "IEF": 0.06,
        "TLT": 0.06,
        "152380.KS": 0.12,
        "GLD": 0.16,
        "BIL": 0.1,
        "153130.KS": 0.1
    }
}